ID,Pred
2019_1101_1113,0.15433338457731052
2019_1101_1120,0.007292475973134337
2019_1101_1124,0.05731624245448442
2019_1101_1125,0.1762092168998615
2019_1101_1133,0.5599288911699813
2019_1101_1138,0.05301479170976944
2019_1101_1153,0.08213280977128237
2019_1101_1159,0.2906235784293086
2019_1101_1181,0.005063492102105322
2019_1101_1192,0.7736534806721788
2019_1101_1196,0.03860027424338734
2019_1101_1199,0.014173132535683126
2019_1101_1205,0.5285939720683265
2019_1101_1209,0.17039325665426894
2019_1101_1211,0.019551251981218872
2019_1101_1222,0.02579956007268937
2019_1101_1233,0.7422884141970659
2019_1101_1234,0.05939177613091603
2019_1101_1235,0.03376212343831125
2019_1101_1242,0.013927301833533565
2019_1101_1243,0.03200309581688448
2019_1101_1246,0.012841810693089376
2019_1101_1251,0.16390167389640245
2019_1101_1257,0.08383908942413743
2019_1101_1261,0.029970969134816408
2019_1101_1266,0.14528502688313308
2019_1101_1268,0.038408654499561004
2019_1101_1276,0.0077592526949458035
2019_1101_1277,0.006531471511311406
2019_1101_1278,0.06822723066242228
2019_1101_1279,0.14506622476999598
2019_1101_1280,0.032557911455073224
2019_1101_1285,0.47502888847146574
2019_1101_1293,0.16542552601514865
2019_1101_1295,0.6016308426199387
2019_1101_1297,0.3277087924334327
2019_1101_1300,0.931424893375856
2019_1101_1305,0.1441340014119591
2019_1101_1308,0.16015539531207423
2019_1101_1314,0.012763607865846032
2019_1101_1318,0.35575161016260726
2019_1101_1326,0.08840277979762498
2019_1101_1328,0.041350344619882
2019_1101_1330,0.29446641318203376
2019_1101_1332,0.03126129219997065
2019_1101_1341,0.72523611633046
2019_1101_1345,0.007317384952125985
2019_1101_1371,0.14594870052356687
2019_1101_1385,0.3251879982137961
2019_1101_1387,0.34252728077516764
2019_1101_1388,0.0438769865859403
2019_1101_1393,0.08507102855987131
2019_1101_1396,0.17143331090197303
2019_1101_1397,0.015533826533647379
2019_1101_1403,0.006585422395276444
2019_1101_1414,0.17512974537358664
2019_1101_1416,0.11566985469782406
2019_1101_1429,0.25217589243003646
2019_1101_1433,0.17437183667272002
2019_1101_1436,0.23341638126408784
2019_1101_1437,0.08018576231486846
2019_1101_1438,0.0024147819322323134
2019_1101_1439,0.04029648140603043
2019_1101_1449,0.04605069723611632
2019_1101_1458,0.03290252685393034
2019_1101_1459,0.033434576041128386
2019_1101_1463,0.20920873316459057
2019_1113_1120,0.042412292535721395
2019_1113_1124,0.26824736941787847
2019_1113_1125,0.5632516416894953
2019_1113_1133,0.8846771660145972
2019_1113_1138,0.25235364271156685
2019_1113_1153,0.3504410107101367
2019_1113_1159,0.7118234197028345
2019_1113_1181,0.029770673515567142
2019_1113_1192,0.9537204691272283
2019_1113_1196,0.19489417445507096
2019_1113_1199,0.07976687072596249
2019_1113_1205,0.8711443264598298
2019_1113_1209,0.5532401889991124
2019_1113_1211,0.10732536273975282
2019_1113_1222,0.13768576096022722
2019_1113_1233,0.9455513770873045
2019_1113_1234,0.27572701568879715
2019_1113_1235,0.17401190976079245
2019_1113_1242,0.07847389152805402
2019_1113_1243,0.16620267628050672
2019_1113_1246,0.0727286994767477
2019_1113_1251,0.5416865944687469
2019_1113_1257,0.3555620464599696
2019_1113_1261,0.15703153475114395
2019_1113_1266,0.5061355277846357
2019_1113_1268,0.19408330988111308
2019_1113_1276,0.04502506053420797
2019_1113_1277,0.03812712795156145
2019_1113_1278,0.3062666924126587
2019_1113_1279,0.5056948104097577
2019_1113_1280,0.1686786081688085
2019_1113_1285,0.845096209520319
2019_1113_1293,0.5444357043834915
2019_1113_1295,0.9010440021758029
2019_1113_1297,0.7461243454164171
2019_1113_1300,0.9879360921814376
2019_1113_1305,0.5038107982400449
2019_1113_1308,0.5348288931862014
2019_1113_1314,0.07231251818630152
2019_1113_1318,0.7690158148057074
2019_1113_1326,0.3689600134545005
2019_1113_1328,0.2063889386754509
2019_1113_1330,0.7156172568302882
2019_1113_1332,0.1628736338152315
2019_1113_1341,0.9408773689290956
2019_1113_1345,0.04255201860424353
2019_1113_1371,0.5074688964285574
2019_1113_1385,0.7439465941733739
2019_1113_1387,0.7585162264825946
2019_1113_1388,0.2167202187303306
2019_1113_1393,0.3592211850720774
2019_1113_1396,0.5550536053709286
2019_1113_1397,0.08686998815372035
2019_1113_1403,0.03843196735841745
2019_1113_1414,0.5614170002998813
2019_1113_1416,0.44090831332856306
2019_1113_1429,0.6703067807640517
2019_1113_1433,0.5601225369801003
2019_1113_1436,0.6473689367095417
2019_1113_1437,0.34452084946827677
2019_1113_1438,0.014384505192899105
2019_1113_1439,0.202015238170496
2019_1113_1449,0.2254377874859101
2019_1113_1458,0.1702105272405408
2019_1113_1459,0.17256671924698466
2019_1113_1463,0.6146526805490898
2019_1120_1124,0.901059255968992
2019_1120_1125,0.9697326882945115
2019_1120_1133,0.994780238775929
2019_1120_1138,0.8934507799737151
2019_1120_1153,0.9305702150504472
2019_1120_1159,0.9839653597977576
2019_1120_1181,0.4325570913912567
2019_1120_1192,0.9980505442619888
2019_1120_1196,0.8574250359986234
2019_1120_1199,0.6828854505772519
2019_1120_1205,0.994081272788194
2019_1120_1209,0.9685180871608048
2019_1120_1211,0.7491766072374308
2019_1120_1222,0.7986594827789227
2019_1120_1233,0.9976874598514236
2019_1120_1234,0.9043763809156732
2019_1120_1235,0.8395826721567555
2019_1120_1242,0.6790300134729284
2019_1120_1243,0.8319904964103063
2019_1120_1246,0.6608473841769009
2019_1120_1251,0.9670645988841023
2019_1120_1257,0.9320050035174136
2019_1120_1261,0.8223133521745967
2019_1120_1266,0.9622077447843567
2019_1120_1268,0.8567911292144041
2019_1120_1276,0.5394470942605265
2019_1120_1277,0.49615672524848453
2019_1120_1278,0.9164415194884539
2019_1120_1279,0.9621435785452482
2019_1120_1280,0.8344585626517231
2019_1120_1285,0.9926758647896965
2019_1120_1293,0.9674156408246221
2019_1120_1295,0.9955987759717253
2019_1120_1297,0.9864887668372951
2019_1120_1300,0.9995087090773249
2019_1120_1305,0.9618681073805389
2019_1120_1308,0.9661743332787475
2019_1120_1314,0.6594592055462121
2019_1120_1318,0.9880540504365862
2019_1120_1326,0.9355896046332046
2019_1120_1328,0.8659659583032635
2019_1120_1330,0.9842556994495882
2019_1120_1332,0.8285779757747792
2019_1120_1341,0.9974770036552004
2019_1120_1345,0.5247394676809735
2019_1120_1371,0.9624012497041342
2019_1120_1385,0.9863351053849756
2019_1120_1387,0.9873472192004951
2019_1120_1388,0.872994636839854
2019_1120_1393,0.9330077658790247
2019_1120_1396,0.968741114113193
2019_1120_1397,0.7026851366005581
2019_1120_1403,0.49822678725480907
2019_1120_1414,0.969513123913351
2019_1120_1416,0.9514367579592278
2019_1120_1429,0.9805859971653309
2019_1120_1433,0.9693574012711111
2019_1120_1436,0.9785443235569475
2019_1120_1437,0.9288641426919733
2019_1120_1438,0.26609389305149256
2019_1120_1439,0.8628110408107958
2019_1120_1449,0.8785029297509284
2019_1120_1458,0.8359567667794641
2019_1120_1459,0.8382193351404782
2019_1120_1463,0.97538545366051
2019_1124_1125,0.7947022272759191
2019_1124_1133,0.9583784251009735
2019_1124_1138,0.5032594725033604
2019_1124_1153,0.6182284003640004
2019_1124_1159,0.8811528784640766
2019_1124_1181,0.0843335836979982
2019_1124_1192,0.9840905957078214
2019_1124_1196,0.4208267798709358
2019_1124_1199,0.20646248914952484
2019_1124_1205,0.9530351083127023
2019_1124_1209,0.7879993358240667
2019_1124_1211,0.26517927252443524
2019_1124_1222,0.3239869709208266
2019_1124_1233,0.9811765203721575
2019_1124_1234,0.5332955635674168
2019_1124_1235,0.3873844653154844
2019_1124_1242,0.20357014458149364
2019_1124_1243,0.3743392868888395
2019_1124_1246,0.19056032982166296
2019_1124_1251,0.7801037470466796
2019_1124_1257,0.6235063876270337
2019_1124_1261,0.35862289252331525
2019_1124_1266,0.7546706900591426
2019_1124_1268,0.419565778095184
2019_1124_1276,0.12397342983999335
2019_1124_1277,0.10632710928490945
2019_1124_1278,0.5699152470523279
2019_1124_1279,0.7543441151349303
2019_1124_1280,0.3785082924217828
2019_1124_1285,0.9424475178563086
2019_1124_1293,0.7819982992762677
2019_1124_1295,0.964702768784269
2019_1124_1297,0.8981818687662331
2019_1124_1300,0.9959482102043631
2019_1124_1305,0.7529448133740606
2019_1124_1308,0.7753338640739049
2019_1124_1314,0.18960774685586596
2019_1124_1318,0.9090341910724161
2019_1124_1326,0.6370205631820375
2019_1124_1328,0.4383910805379699
2019_1124_1330,0.8830836447337143
2019_1124_1332,0.3686846849825317
2019_1124_1341,0.9794943445583264
2019_1124_1345,0.117698518243345
2019_1124_1371,0.755656985812165
2019_1124_1385,0.8971286337380954
2019_1124_1387,0.9041056032904761
2019_1124_1388,0.45369654306594814
2019_1124_1393,0.6272391174588635
2019_1124_1396,0.7892228961976646
2019_1124_1397,0.22212441353651025
2019_1124_1403,0.1071165068824375
2019_1124_1414,0.7934833600265545
2019_1124_1416,0.7030073962459157
2019_1124_1429,0.8592058471902954
2019_1124_1433,0.7926208275857118
2019_1124_1436,0.8463987601340587
2019_1124_1437,0.6120469866638228
2019_1124_1438,0.04196782916261705
2019_1124_1439,0.4317757816003319
2019_1124_1449,0.46627203757024505
2019_1124_1458,0.3810723229732728
2019_1124_1459,0.3849931585545698
2019_1124_1463,0.8272196342971961
2019_1125_1133,0.8674642414871717
2019_1125_1138,0.22359044076197374
2019_1125_1153,0.31521136747098366
2019_1125_1159,0.6781953995019356
2019_1125_1181,0.025511728284813743
2019_1125_1192,0.9461859899334454
2019_1125_1196,0.17118068306184006
2019_1125_1199,0.06886319754975731
2019_1125_1205,0.8522488543132183
2019_1125_1209,0.5137479313689769
2019_1125_1211,0.09303545404165853
2019_1125_1222,0.119896431029302
2019_1125_1233,0.9367751062260194
2019_1125_1234,0.24517334989017334
2019_1125_1235,0.15235841460995703
2019_1125_1242,0.06773395199032753
2019_1125_1243,0.14534993665846818
2019_1125_1246,0.0627215303163269
2019_1125_1251,0.5020921910149062
2019_1125_1257,0.3200712642001533
2019_1125_1261,0.13714020170373994
2019_1125_1266,0.4664947369578259
2019_1125_1268,0.17044759203723622
2019_1125_1276,0.0386708265056103
2019_1125_1277,0.03271302875548002
2019_1125_1278,0.273607306541787
2019_1125_1279,0.46605596317707887
2019_1125_1280,0.1475702036034519
2019_1125_1285,0.8231564330562678
2019_1125_1293,0.5048617098074099
2019_1125_1295,0.8859590633102324
2019_1125_1297,0.7148958122145292
2019_1125_1300,0.985889628297393
2019_1125_1305,0.46418095089595024
2019_1125_1308,0.495194152933181
2019_1125_1314,0.062358762809928386
2019_1125_1318,0.739620444848467
2019_1125_1326,0.33282256991415704
2019_1125_1328,0.18159229473873406
2019_1125_1330,0.6822343172011012
2019_1125_1332,0.1423672577623921
2019_1125_1341,0.9314023765080652
2019_1125_1345,0.03653344481671903
2019_1125_1371,0.4678225989176724
2019_1125_1385,0.712553383101002
2019_1125_1387,0.7282568276601078
2019_1125_1388,0.19098102634456868
2019_1125_1393,0.32354853605593137
2019_1125_1396,0.5155812886826621
2019_1125_1397,0.07507457221373316
2019_1125_1403,0.03297606462635239
2019_1125_1414,0.522023073829054
2019_1125_1416,0.4022155563986682
2019_1125_1429,0.6343228856306071
2019_1125_1433,0.5207116016144558
2019_1125_1436,0.6103368700404708
2019_1125_1437,0.3096026870823297
2019_1125_1438,0.01229877899309533
2019_1125_1439,0.17762646039172308
2019_1125_1449,0.19892618192292608
2019_1125_1458,0.14894476555106465
2019_1125_1459,0.15106017008804398
2019_1125_1463,0.5764328430310282
2019_1133_1138,0.04617761942135626
2019_1133_1153,0.07182518942365869
2019_1133_1159,0.2616081007204128
2019_1133_1181,0.004381852370507396
2019_1133_1192,0.7472100197190849
2019_1133_1196,0.03355622942235355
2019_1133_1199,0.012280302936664305
2019_1133_1205,0.4923083851157563
2019_1133_1209,0.15082917697626425
2019_1133_1211,0.016952522808263218
2019_1133_1222,0.022389278706516035
2019_1133_1233,0.7135374442970036
2019_1133_1234,0.05177714822021427
2019_1133_1235,0.02933101003846054
2019_1133_1242,0.01206690119722945
2019_1133_1243,0.027796204817081577
2019_1133_1246,0.011124773446012594
2019_1133_1251,0.14495270949816946
2019_1133_1257,0.0733344407833477
2019_1133_1261,0.026024024935707
2019_1133_1266,0.12815845772297213
2019_1133_1268,0.03338877974845785
2019_1133_1276,0.006717163764909669
2019_1133_1277,0.005653337470184141
2019_1133_1278,0.05955152708658767
2019_1133_1279,0.12796158703116717
2019_1133_1280,0.02828021920430761
2019_1133_1285,0.438996101274639
2019_1133_1293,0.14633121998244308
2019_1133_1295,0.5663550888680208
2019_1133_1297,0.2965385370684499
2019_1133_1300,0.9215442669080515
2019_1133_1305,0.1271229373286427
2019_1133_1308,0.14156621101438863
2019_1133_1314,0.011056909749730944
2019_1133_1318,0.3231963222787773
2019_1133_1326,0.07737461424205343
2019_1133_1328,0.035960379282071755
2019_1133_1330,0.265210710104413
2019_1133_1332,0.027149178337167068
2019_1133_1341,0.6953634957788238
2019_1133_1345,0.006334261232298121
2019_1133_1371,0.12875568135510126
2019_1133_1385,0.2941526028772166
2019_1133_1387,0.31059873037244895
2019_1133_1388,0.038170790245564794
2019_1133_1393,0.07442456283449846
2019_1133_1396,0.15177166156652608
2019_1133_1397,0.013461756967016753
2019_1133_1403,0.0057000764594272585
2019_1133_1414,0.15512352305255123
2019_1133_1416,0.10161932993593632
2019_1133_1429,0.22577725898235182
2019_1133_1433,0.1544359851745819
2019_1133_1436,0.2084342027105417
2019_1133_1437,0.07010383235685849
2019_1133_1438,0.0020889589598988437
2019_1133_1439,0.0350388649151224
2019_1133_1449,0.0400736584339271
2019_1133_1458,0.028580894194639567
2019_1133_1459,0.02904515938218886
2019_1133_1463,0.18618817980245023
2019_1138_1153,0.637516484154821
2019_1138_1159,0.889530944437334
2019_1138_1181,0.09093213703210143
2019_1138_1192,0.9853329084900146
2019_1138_1196,0.44107148727867584
2019_1138_1199,0.22031762368436364
2019_1138_1205,0.9565954829489972
2019_1138_1209,0.8014646231962148
2019_1138_1211,0.28157655735211373
2019_1138_1222,0.34232656488033736
2019_1138_1233,0.9826423700715576
2019_1138_1234,0.5537775131889786
2019_1138_1235,0.4071513358159624
2019_1138_1242,0.2172843289822171
2019_1138_1243,0.39386847338164543
2019_1138_1246,0.20362214520943514
2019_1138_1251,0.793939386108543
2019_1138_1257,0.6426819342104579
2019_1138_1261,0.3778272965010428
2019_1138_1266,0.7696340020507083
2019_1138_1268,0.43979588702722644
2019_1138_1276,0.13322229017852472
2019_1138_1277,0.11443145686263692
2019_1138_1278,0.5900255643612162
2019_1138_1279,0.76932125732006
2019_1138_1280,0.3981165791860767
2019_1138_1285,0.9467656966524292
2019_1138_1293,0.7957459460212422
2019_1138_1295,0.9674088744744898
2019_1138_1297,0.9054882442217126
2019_1138_1300,0.9962681123728617
2019_1138_1305,0.7679810279551761
2019_1138_1308,0.7893885941887568
2019_1138_1314,0.20262061270722734
2019_1138_1318,0.9156349610715752
2019_1138_1326,0.6558876802228747
2019_1138_1328,0.45881138584788217
2019_1138_1330,0.8913423862757062
2019_1138_1332,0.3881018624264656
2019_1138_1341,0.981088666275559
2019_1138_1345,0.12654687185830063
2019_1138_1371,0.7705784287345062
2019_1138_1385,0.9045025525609417
2019_1138_1387,0.9110290042292921
2019_1138_1388,0.4742277737030408
2019_1138_1393,0.646332386720633
2019_1138_1396,0.8026299339731725
2019_1138_1397,0.23671704877103586
2019_1138_1403,0.11527326201389852
2019_1138_1414,0.8066857786341215
2019_1138_1416,0.7199524717602316
2019_1138_1429,0.8689008714314673
2019_1138_1433,0.8058648962223721
2019_1138_1436,0.8568287235698356
2019_1138_1437,0.6314612023096944
2019_1138_1438,0.04541595057295905
2019_1138_1439,0.4521360217537314
2019_1138_1449,0.48686518476609797
2019_1138_1458,0.40072779215586307
2019_1138_1459,0.40471862040753714
2019_1138_1463,0.8387037355753616
2019_1153_1159,0.8343756546723539
2019_1153_1181,0.05889471629444892
2019_1153_1192,0.9767602233570489
2019_1153_1196,0.33052489747962405
2019_1153_1199,0.1502280241463875
2019_1153_1205,0.9323789321648978
2019_1153_1209,0.7163598275281217
2019_1153_1211,0.1969207328014888
2019_1153_1222,0.2456514754133056
2019_1153_1233,0.972540931686629
2019_1153_1234,0.43707243043972777
2019_1153_1235,0.3005349899545728
2019_1153_1242,0.14797656622967487
2019_1153_1243,0.2890346032634617
2019_1153_1246,0.13790444618316877
2019_1153_1251,0.7067889354628809
2019_1153_1257,0.5294723564147479
2019_1153_1261,0.2753236393190944
2019_1153_1266,0.6763938574845028
2019_1153_1268,0.32938059823260857
2019_1153_1276,0.08772289692455466
2019_1153_1277,0.0747959050697343
2019_1153_1278,0.47379246209566694
2019_1153_1279,0.676007817432362
2019_1153_1280,0.2926980209466638
2019_1153_1285,0.917537611986692
2019_1153_1293,0.7090795830584734
2019_1153_1295,0.9489031474449225
2019_1153_1297,0.8570195345542079
2019_1153_1300,0.994048276117842
2019_1153_1305,0.6743549267616304
2019_1153_1308,0.7010382027585025
2019_1153_1314,0.13717047619825293
2019_1153_1318,0.8716321272527651
2019_1153_1326,0.5438927428860391
2019_1153_1328,0.34657556315057225
2019_1153_1330,0.8369257139744433
2019_1153_1332,0.28408349392952786
2019_1153_1341,0.9701105383645404
2019_1153_1345,0.08310873547010471
2019_1153_1371,0.6775603925330075
2019_1153_1385,0.8556089553325389
2019_1153_1387,0.8649780691301869
2019_1153_1388,0.360734479590327
2019_1153_1393,0.5334397595850928
2019_1153_1396,0.7178488087838403
2019_1153_1397,0.16249763586859053
2019_1153_1403,0.07537095076225739
2019_1153_1414,0.7230456956110333
2019_1153_1416,0.6166205220134477
2019_1153_1429,0.8056952758867721
2019_1153_1433,0.7219920478676346
2019_1153_1436,0.7892148164782115
2019_1153_1437,0.5173662965791592
2019_1153_1438,0.028905000596940515
2019_1153_1439,0.3405057266743688
2019_1153_1449,0.37249016184942446
2019_1153_1458,0.2949566426890921
2019_1153_1459,0.29841864613485924
2019_1153_1463,0.7648789918885663
2019_1159_1181,0.013484191418446125
2019_1159_1192,0.9017673717357934
2019_1159_1196,0.09733703454035521
2019_1159_1199,0.03717728048111035
2019_1159_1205,0.7507211266528806
2019_1159_1209,0.35551558275774864
2019_1159_1211,0.0508344060973461
2019_1159_1222,0.06640325924138799
2019_1159_1233,0.8855284204892678
2019_1159_1234,0.14499478873532065
2019_1159_1235,0.0857938079029537
2019_1159_1242,0.03654723865357944
2019_1159_1243,0.08155270194960627
2019_1159_1246,0.03375911183820482
2019_1159_1251,0.34490339735005593
2019_1159_1257,0.1972879891097856
2019_1159_1261,0.07662333323039193
2019_1159_1266,0.3134349035496056
2019_1159_1268,0.09688321693163751
2019_1159_1276,0.02057037291733319
2019_1159_1277,0.01735087907582289
2019_1159_1278,0.16434004789129913
2019_1159_1279,0.31305561728740655
2019_1159_1280,0.08289296518183195
2019_1159_1285,0.7084759418646015
2019_1159_1293,0.34741084377309484
2019_1159_1295,0.8022197672073579
2019_1159_1297,0.5669443668646301
2019_1159_1300,0.9733186616054337
2019_1159_1305,0.311437116153494
2019_1159_1308,0.3386959016040042
2019_1159_1314,0.03355785905012296
2019_1159_1318,0.597271608124282
2019_1159_1326,0.20663431000556307
2019_1159_1328,0.1038198984511661
2019_1159_1330,0.528511973976287
2019_1159_1332,0.07975701274168265
2019_1159_1341,0.8763755467855102
2019_1159_1345,0.0194132215181058
2019_1159_1371,0.3145839864363121
2019_1159_1385,0.5641274993773264
2019_1159_1387,0.583196482074463
2019_1159_1388,0.10972673200409709
2019_1159_1393,0.1998233619462996
2019_1159_1396,0.3571990755182812
2019_1159_1397,0.04065541256171687
2019_1159_1403,0.017492626214455256
2019_1159_1414,0.3631454565392883
2019_1159_1416,0.2599690884363439
2019_1159_1429,0.47525029680021347
2019_1159_1433,0.361930891399809
2019_1159_1436,0.4498792222454746
2019_1159_1437,0.18971477130653738
2019_1159_1438,0.0064592144326302125
2019_1159_1439,0.1013422313307565
2019_1159_1449,0.11477111053482444
2019_1159_1458,0.08372425365694292
2019_1159_1459,0.08500587834626606
2019_1159_1463,0.4153867780542541
2019_1181_1192,0.9986486288911435
2019_1181_1196,0.8967010589586926
2019_1181_1199,0.7565935766645322
2019_1181_1205,0.9958921006324292
2019_1181_1209,0.9779766719144846
2019_1181_1211,0.8117245876126643
2019_1181_1222,0.8513168267375195
2019_1181_1233,0.998396758276562
2019_1181_1234,0.9317479811804262
2019_1181_1235,0.883103741164304
2019_1181_1242,0.7533105488096374
2019_1181_1243,0.877270222258694
2019_1181_1246,0.7377104411931494
2019_1181_1251,0.9769494837848767
2019_1181_1257,0.951888819415671
2019_1181_1261,0.8697929728718456
2019_1181_1266,0.9735103862145085
2019_1181_1268,0.8962206423868951
2019_1181_1276,0.628350415432045
2019_1181_1277,0.5870191413458797
2019_1181_1278,0.9405864411011915
2019_1181_1279,0.9734648811425243
2019_1181_1280,0.8791697290986081
2019_1181_1285,0.9949144759009196
2019_1181_1293,0.9771976519190805
2019_1181_1295,0.9969467514439724
2019_1181_1297,0.9906005490644796
2019_1181_1300,0.9996595876015814
2019_1181_1305,0.9732695033426416
2019_1181_1308,0.9763198704376231
2019_1181_1314,0.7365114313647438
2019_1181_1318,0.9916934915074078
2019_1181_1326,0.9544763750107793
2019_1181_1328,0.9031549079037211
2019_1181_1330,0.9890395054884041
2019_1181_1332,0.874638822983354
2019_1181_1341,0.9982507396730688
2019_1181_1345,0.6144527616028661
2019_1181_1371,0.9736476040138746
2019_1181_1385,0.9904931997098952
2019_1181_1387,0.9912000848632858
2019_1181_1388,0.9084396119526732
2019_1181_1393,0.9526132527792203
2019_1181_1396,0.9781342043184219
2019_1181_1397,0.7733188017851114
2019_1181_1403,0.5890251118738751
2019_1181_1414,0.9786793358839417
2019_1181_1416,0.9658463695922197
2019_1181_1429,0.9864694909478354
2019_1181_1433,0.9785693980270751
2019_1181_1436,0.9850371135670866
2019_1181_1437,0.9496167900620182
2019_1181_1438,0.3435526115870796
2019_1181_1439,0.9007750492541043
2019_1181_1449,0.9125646028569881
2019_1181_1458,0.8803213178603507
2019_1181_1459,0.8820583178380802
2019_1181_1463,0.9828173768823757
2019_1192_1196,0.012760173711997943
2019_1192_1199,0.004606884819381628
2019_1192_1205,0.2652315117903712
2019_1192_1209,0.06201858950688749
2019_1192_1211,0.006378494463232718
2019_1192_1222,0.008453269008433618
2019_1192_1233,0.48111987513273824
2019_1192_1234,0.019921674955254258
2019_1192_1235,0.01112334337766482
2019_1192_1242,0.0045262173338702135
2019_1192_1243,0.010530955048815327
2019_1192_1246,0.0041703460043474175
2019_1192_1251,0.059360399728093025
2019_1192_1257,0.028616277588519323
2019_1192_1261,0.009848390841004416
2019_1192_1266,0.051881179045603215
2019_1192_1268,0.012695135711274229
2019_1192_1276,0.0025110678462783543
2019_1192_1277,0.002111962792681433
2019_1192_1278,0.023029095613849488
2019_1192_1279,0.051794520683369476
2019_1192_1280,0.010717644486119709
2019_1192_1285,0.22558326138669815
2019_1192_1293,0.05998202306852176
2019_1192_1295,0.32713136884365707
2019_1192_1297,0.13563596832590807
2019_1192_1300,0.8138665850637825
2019_1192_1305,0.051425625398047
2019_1192_1308,0.05783831088860976
2019_1192_1314,0.004144728114717049
2019_1192_1318,0.1509326499225484
2019_1192_1326,0.030273302810350615
2019_1192_1328,0.01369549560612757
2019_1192_1330,0.11844458586032251
2019_1192_1332,0.010281570399116785
2019_1192_1341,0.4593727521506565
2019_1192_1345,0.0023673564910685115
2019_1192_1371,0.0521442069706081
2019_1192_1385,0.1342974939865877
2019_1192_1387,0.1436246861958439
2019_1192_1388,0.014557996637075134
2019_1192_1393,0.02906250858091966
2019_1192_1396,0.06244693466499683
2019_1192_1397,0.005053877838326754
2019_1192_1403,0.002129486155452513
2019_1192_1414,0.06397485530076161
2019_1192_1416,0.04040554898451481
2019_1192_1429,0.09792514143247699
2019_1192_1433,0.06366086591665727
2019_1192_1436,0.08927064186493934
2019_1192_1437,0.027297611002749883
2019_1192_1438,0.0007786407789803926
2019_1192_1439,0.013336644097126019
2019_1192_1449,0.015302461341249827
2019_1192_1458,0.010833676161418516
2019_1192_1459,0.011012925574175885
2019_1192_1463,0.07848187168819651
2019_1196_1199,0.2826411769591942
2019_1196_1205,0.968483965328491
2019_1196_1209,0.8491425733701148
2019_1196_1211,0.35337507217292985
2019_1196_1222,0.4205478114325278
2019_1196_1233,0.9874899184348122
2019_1196_1234,0.63375587534584
2019_1196_1235,0.4891677364610981
2019_1196_1242,0.2790569315110313
2019_1196_1243,0.47535458989056273
2019_1196_1246,0.2628148404541798
2019_1196_1251,0.843070659451158
2019_1196_1257,0.7149283949032834
2019_1196_1261,0.45850512565049223
2019_1196_1266,0.823270443545701
2019_1196_1268,0.5225915825200419
2019_1196_1276,0.17648511487053073
2019_1196_1277,0.15266689950872103
2019_1196_1278,0.667408976508564
2019_1196_1279,0.8230137705495517
2019_1196_1280,0.47978589384638887
2019_1196_1285,0.9612374554518357
2019_1196_1293,0.8445308266941182
2019_1196_1295,0.9764086155985336
2019_1196_1297,0.9303558503226668
2019_1196_1300,0.9973207101558996
2019_1196_1305,0.8219132794447234
2019_1196_1308,0.8393854115406
2019_1196_1314,0.2616178074248314
2019_1196_1318,0.9380155549690873
2019_1196_1326,0.726599925211871
2019_1196_1328,0.5417251664762626
2019_1196_1330,0.9196015236487293
2019_1196_1332,0.4693186934057837
2019_1196_1341,0.986364103661346
2019_1196_1345,0.1680622291039731
2019_1196_1371,0.8240452500753384
2019_1196_1385,0.9296093490075102
2019_1196_1387,0.9345441308157955
2019_1196_1388,0.5570598514649254
2019_1196_1393,0.7181644332877116
2019_1196_1396,0.8500803840963673
2019_1196_1397,0.3018834852020903
2019_1196_1403,0.15374114888199997
2019_1196_1414,0.8533393201919259
2019_1196_1416,0.7818780112583061
2019_1196_1429,0.9023571254069674
2019_1196_1433,0.8526803665466434
2019_1196_1436,0.8929863377849201
2019_1196_1437,0.7049347838955125
2019_1196_1438,0.062210953635331724
2019_1196_1439,0.535036088124652
2019_1196_1449,0.5695136236232737
2019_1196_1458,0.4825033522770811
2019_1196_1459,0.4866472355781368
2019_1196_1463,0.8787912460926552
2019_1199_1205,0.9884817475958466
2019_1199_1209,0.9401891316130394
2019_1199_1211,0.6041447878055194
2019_1199_1222,0.6696221904638447
2019_1199_1233,0.9954841384637696
2019_1199_1234,0.8285471536420166
2019_1199_1235,0.7278350104782205
2019_1199_1242,0.5194545251423973
2019_1199_1243,0.716738420151782
2019_1199_1246,0.4989031074435702
2019_1199_1251,0.9375121096783553
2019_1199_1257,0.8750583517976745
2019_1199_1261,0.7027942744774865
2019_1199_1266,0.9286189385113217
2019_1199_1268,0.7535116340048628
2019_1199_1276,0.3744100996997801
2019_1199_1277,0.33473780092041633
2019_1199_1278,0.8485779786897812
2019_1199_1279,0.9285019805667779
2019_1199_1280,0.720330430861849
2019_1199_1285,0.985765765164591
2019_1199_1293,0.9381579940722262
2019_1199_1295,0.9914225260378666
2019_1199_1297,0.9738948368031043
2019_1199_1300,0.9990389497795501
2019_1199_1305,0.9280000275567507
2019_1199_1308,0.9358759890903151
2019_1199_1314,0.49735624557405483
2019_1199_1318,0.9768849468576848
2019_1199_1326,0.8812626273205318
2019_1199_1328,0.7675077140499439
2019_1199_1330,0.9696443586358264
2019_1199_1332,0.7117958688197238
2019_1199_1341,0.995074155691886
2019_1199_1345,0.3606782506405627
2019_1199_1371,0.9289717303454832
2019_1199_1385,0.9736017790432059
2019_1199_1387,0.9755336141637766
2019_1199_1388,0.7783781300495412
2019_1199_1393,0.8767899159541123
2019_1199_1396,0.9406005406600672
2019_1199_1397,0.5470248290057916
2019_1199_1403,0.336584293247993
2019_1199_1414,0.942025954550613
2019_1199_1416,0.9091785498747668
2019_1199_1429,0.9626980944168461
2019_1199_1433,0.9417382685469731
2019_1199_1436,0.9588541747207517
2019_1199_1437,0.8696548698706542
2019_1199_1438,0.15630363529639585
2019_1199_1439,0.7626704182200762
2019_1199_1449,0.7869887193220596
2019_1199_1458,0.722518063390771
2019_1199_1459,0.7258320946427019
2019_1199_1463,0.9529357970906793
2019_1205_1209,0.1677385938512222
2019_1205_1211,0.019192284050130824
2019_1205_1222,0.025328834682793504
2019_1205_1233,0.7386569578377588
2019_1205_1234,0.05834485153353456
2019_1205_1235,0.03315106100723108
2019_1205_1242,0.013670151928191192
2019_1205_1243,0.03142283476215702
2019_1205_1246,0.01260444681130279
2019_1205_1251,0.16132848013750342
2019_1205_1257,0.08239897284877588
2019_1205_1261,0.029426433317827284
2019_1205_1266,0.14295413501253593
2019_1205_1268,0.03771677699092692
2019_1205_1276,0.0076151084708676224
2019_1205_1277,0.006409988525071592
2019_1205_1278,0.06703565947454808
2019_1205_1279,0.14273825703332835
2019_1205_1280,0.03196792302997208
2019_1205_1285,0.47031877022581536
2019_1205_1293,0.16283306762171737
2019_1205_1295,0.5970931830251403
2019_1205_1297,0.3235591072233889
2019_1205_1300,0.9302080052391108
2019_1205_1305,0.14181851204606555
2019_1205_1308,0.15762992825680636
2019_1205_1314,0.012527671115847974
2019_1205_1318,0.351432450135302
2019_1205_1326,0.08689170690818174
2019_1205_1328,0.04060771449826546
2019_1205_1330,0.2905557424659743
2019_1205_1332,0.03069405460423401
2019_1205_1341,0.7214545413938525
2019_1205_1345,0.007181389928309327
2019_1205_1371,0.14360894997564308
2019_1205_1385,0.3210549895577595
2019_1205_1387,0.3382843713176369
2019_1205_1388,0.043091019012131616
2019_1205_1393,0.0836116820186634
2019_1205_1396,0.1687657407318558
2019_1205_1397,0.015247472859208765
2019_1205_1403,0.006462942470271215
2019_1205_1414,0.1724166261499879
2019_1205_1416,0.11375086244790512
2019_1205_1429,0.24862894105596084
2019_1205_1433,0.17166801541347906
2019_1205_1436,0.23005211883837284
2019_1205_1437,0.07880300176173069
2019_1205_1438,0.0023696852325082096
2019_1205_1439,0.03957199682709122
2019_1205_1449,0.04522763390030112
2019_1205_1458,0.03230650212293067
2019_1205_1459,0.03282924048552122
2019_1205_1463,0.20609957331891257
2019_1209_1211,0.09651818554240156
2019_1209_1222,0.12424693947952845
2019_1209_1233,0.9391374211243562
2019_1209_1234,0.25276407218694197
2019_1209_1235,0.15767579613454716
2019_1209_1242,0.07034299512245895
2019_1209_1243,0.15046613813033072
2019_1209_1246,0.06515099289691774
2019_1209_1251,0.5122393010173203
2019_1209_1257,0.32897025088226095
2019_1209_1261,0.14201544563929566
2019_1209_1266,0.47661107594047625
2019_1209_1268,0.1762650128444451
2019_1209_1276,0.04020867082821168
2019_1209_1277,0.034022331081158715
2019_1209_1278,0.28174976524577466
2019_1209_1279,0.4761712795952521
2019_1209_1280,0.1527505887492483
2019_1209_1285,0.8289889842627285
2019_1209_1293,0.5150068976599614
2019_1209_1295,0.8899970966499039
2019_1209_1297,0.7230978392215839
2019_1209_1300,0.9864434005110908
2019_1209_1305,0.4742917208152344
2019_1209_1308,0.5053433447778548
2019_1209_1314,0.06477514500941231
2019_1209_1318,0.7473625442644368
2019_1209_1326,0.34189781164515515
2019_1209_1328,0.18770401992482136
2019_1209_1330,0.6909697935144038
2019_1209_1332,0.14739657798438452
2019_1209_1341,0.9339512825555156
2019_1209_1345,0.03798964964465807
2019_1209_1371,0.4779419369183895
2019_1209_1385,0.7207964797748445
2019_1209_1387,0.7362163060487361
2019_1209_1388,0.19733255075380163
2019_1209_1393,0.33249692407494164
2019_1209_1396,0.5257131749408596
2019_1209_1397,0.07794272881676934
2019_1209_1403,0.03429552140395849
2019_1209_1414,0.5321424887422004
2019_1209_1416,0.4120144626969524
2019_1209_1429,0.6436875764380531
2019_1209_1433,0.5308338279077143
2019_1209_1436,0.6199477901136705
2019_1209_1437,0.31834689023361357
2019_1209_1438,0.012801837425262018
2019_1209_1439,0.18363465950528024
2019_1209_1449,0.20547483077863196
2019_1209_1458,0.1541646772929691
2019_1209_1459,0.15634059920012308
2019_1209_1463,0.586313196501885
2019_1211_1222,0.5937079218807125
2019_1211_1233,0.9937473125776588
2019_1211_1234,0.7769887870971491
2019_1211_1235,0.6584746968790947
2019_1211_1242,0.437994767585206
2019_1211_1243,0.6459258970445448
2019_1211_1246,0.41786373171877367
2019_1211_1251,0.9153743185646822
2019_1211_1257,0.8346961065100071
2019_1211_1261,0.630293941208162
2019_1211_1266,0.9036543146286786
2019_1211_1268,0.6878888853661315
2019_1211_1276,0.301428451099508
2019_1211_1277,0.2661986908366767
2019_1211_1278,0.8016008051847628
2019_1211_1279,0.9035007028011285
2019_1211_1280,0.6499773478758272
2019_1211_1285,0.9803649217157523
2019_1211_1293,0.9162285763721201
2019_1211_1295,0.9881421883847651
2019_1211_1297,0.9641536391325822
2019_1211_1300,0.9986674943628338
2019_1211_1305,0.9028415945147112
2019_1211_1308,0.9132122222520317
2019_1211_1314,0.41635935973053373
2019_1211_1318,0.9682231092137575
2019_1211_1326,0.8425440194277477
2019_1211_1328,0.7041481354457114
2019_1211_1330,0.9583848599017312
2019_1211_1332,0.6403677292455346
2019_1211_1341,0.9931807282651952
2019_1211_1345,0.2891361653203384
2019_1211_1371,0.9041177511876212
2019_1211_1385,0.9637552960274921
2019_1211_1387,0.9663828213929163
2019_1211_1388,0.7168882330213611
2019_1211_1393,0.8368827779049857
2019_1211_1396,0.9194629052069677
2019_1211_1397,0.4654290675918529
2019_1211_1403,0.26781931080237253
2019_1211_1414,0.9213531485168636
2019_1211_1416,0.8783058984024509
2019_1211_1429,0.9489976127059928
2019_1211_1433,0.9209714834321209
2019_1211_1436,0.9438242567210048
2019_1211_1437,0.8278903649952836
2019_1211_1438,0.11782876246272082
2019_1211_1439,0.6985104039477618
2019_1211_1449,0.7270501119796621
2019_1211_1458,0.652449776070554
2019_1211_1459,0.6562024526504476
2019_1211_1463,0.9358885390296099
2019_1222_1233,0.9917131188168271
2019_1222_1234,0.7240203664481325
2019_1222_1235,0.5921336708559746
2019_1222_1242,0.3698138194503065
2019_1222_1243,0.5787068532575451
2019_1222_1246,0.35086012089790825
2019_1222_1251,0.8906486449869326
2019_1222_1257,0.7917606075230325
2019_1222_1261,0.5621190557215077
2019_1222_1266,0.8759683149770688
2019_1222_1268,0.6239989251829821
2019_1222_1276,0.24523003292917106
2019_1222_1277,0.2145512245302183
2019_1222_1278,0.7526168992754404
2019_1222_1279,0.8757766292015867
2019_1222_1280,0.5830309378625923
2019_1222_1285,0.974090531852899
2019_1222_1293,0.8917229734187883
2019_1222_1295,0.9843132584210207
2019_1222_1297,0.9529475617552239
2019_1222_1300,0.9982311396110882
2019_1222_1305,0.8749543680437242
2019_1222_1308,0.8879321737958549
2019_1222_1314,0.34945216750911506
2019_1222_1318,0.9582340965729953
2019_1222_1326,0.8011613327893431
2019_1222_1328,0.6418536154553561
2019_1222_1330,0.945477362765482
2019_1222_1332,0.572791387751356
2019_1222_1341,0.9909638830840796
2019_1222_1345,0.23446033956487639
2019_1222_1371,0.8765467315696096
2019_1222_1385,0.9524308348980667
2019_1222_1387,0.9558417009286876
2019_1222_1388,0.6559656177868982
2019_1222_1393,0.7943753230315856
2019_1222_1396,0.895795832863123
2019_1222_1397,0.395986569215407
2019_1222_1403,0.21594994775132414
2019_1222_1414,0.8981800407092012
2019_1222_1416,0.8445884868423611
2019_1222_1429,0.93338092352891
2019_1222_1433,0.8976984054413905
2019_1222_1436,0.9267457856519316
2019_1222_1437,0.7836453558761471
2019_1222_1438,0.09138291718187971
2019_1222_1439,0.6356430509987966
2019_1222_1449,0.6672993859356282
2019_1222_1458,0.5856748123242246
2019_1222_1459,0.5896950761313873
2019_1222_1463,0.9166106222699288
2019_1233_1234,0.023553075892400972
2019_1233_1235,0.013172505384269157
2019_1233_1242,0.0053666407306816
2019_1233_1243,0.012472362658631433
2019_1233_1246,0.004945019819175221
2019_1233_1251,0.06966980572492586
2019_1233_1257,0.033777942382933905
2019_1233_1261,0.011665449565239195
2019_1233_1266,0.06097583585195949
2019_1233_1268,0.015029455227088338
2019_1233_1276,0.002978439863694031
2019_1233_1277,0.002505238025111831
2019_1233_1278,0.027211202740765633
2019_1233_1279,0.06087496182443497
2019_1233_1280,0.012693027254423523
2019_1233_1285,0.2568776799372247
2019_1233_1293,0.07039131033615056
2019_1233_1295,0.36585789070885344
2019_1233_1297,0.15698172581256817
2019_1233_1300,0.8384164974065414
2019_1233_1305,0.060445515816745315
2019_1233_1308,0.06790245106398078
2019_1233_1314,0.0049146666951651605
2019_1233_1318,0.17420056594704234
2019_1233_1326,0.035722862137553185
2019_1233_1328,0.016210736245708873
2019_1233_1330,0.13751527280129655
2019_1233_1332,0.012177569150365894
2019_1233_1341,0.5020730200773372
2019_1233_1345,0.002808055559929558
2019_1233_1371,0.06128199177406652
2019_1233_1385,0.15547049629354423
2019_1233_1387,0.16598624206102738
2019_1233_1388,0.017228872562589655
2019_1233_1393,0.03430182009568177
2019_1233_1396,0.07325064981286177
2019_1233_1397,0.0059916869894999294
2019_1233_1403,0.002526016208325482
2019_1233_1414,0.07502175826091258
2019_1233_1416,0.047589525184536505
2019_1233_1429,0.1141196943919322
2019_1233_1433,0.07465787502398669
2019_1233_1436,0.10419926591340947
2019_1233_1437,0.032229312864052825
2019_1233_1438,0.000923863791066537
2019_1233_1439,0.015787034897141106
2019_1233_1449,0.018107410431328352
2019_1233_1458,0.012830167518357496
2019_1233_1459,0.013042014494054838
2019_1233_1463,0.09178813861385922
2019_1234_1235,0.3784586129252734
2019_1234_1242,0.1975141017015982
2019_1234_1243,0.36553466408982527
2019_1234_1246,0.1848015124237574
2019_1234_1251,0.7735550880281485
2019_1234_1257,0.6145981425311915
2019_1234_1261,0.3499811482963977
2019_1234_1266,0.7476096667159422
2019_1234_1268,0.4103951613575486
2019_1234_1276,0.1199287523681823
2019_1234_1277,0.10279059618870504
2019_1234_1278,0.5606325188782204
2019_1234_1279,0.7472768400376941
2019_1234_1280,0.3696635484067163
2019_1234_1285,0.940363970664231
2019_1234_1293,0.7754898235928082
2019_1234_1295,0.9633936239113432
2019_1234_1297,0.8946748856909873
2019_1234_1300,0.995792878815909
2019_1234_1305,0.7458508447468106
2019_1234_1308,0.7686852751849962
2019_1234_1314,0.1838711776131446
2019_1234_1318,0.9058618239154737
2019_1234_1326,0.6282414248216415
2019_1234_1328,0.4291131917140148
2019_1234_1330,0.87912660879018
2019_1234_1332,0.3599365480177772
2019_1234_1341,0.9787217063558619
2019_1234_1345,0.11383196027909014
2019_1234_1371,0.7486148938536545
2019_1234_1385,0.8935896713265762
2019_1234_1387,0.9007801157592988
2019_1234_1388,0.44435102383323843
2019_1234_1393,0.6183651337493542
2019_1234_1396,0.7828702230752158
2019_1234_1397,0.2156658660528889
2019_1234_1403,0.10355678035190233
2019_1234_1414,0.7872244754810253
2019_1234_1416,0.6950602466942614
2019_1234_1429,0.8545737520587928
2019_1234_1433,0.7863428411061479
2019_1234_1436,0.8414230801149912
2019_1234_1437,0.6030402241264295
2019_1234_1438,0.04047499953037503
2019_1234_1439,0.422532562967584
2019_1234_1449,0.45688411885666835
2019_1234_1458,0.3722035464344138
2019_1234_1459,0.37608857949190794
2019_1234_1463,0.8217535130597604
2019_1235_1242,0.30784686481554424
2019_1235_1243,0.5100681397935166
2019_1235_1246,0.290604545686186
2019_1235_1251,0.8605894911893905
2019_1235_1257,0.7423811443836059
2019_1235_1261,0.4931447966285754
2019_1235_1266,0.8425869629997383
2019_1235_1268,0.5570917964788181
2019_1235_1276,0.19759317628748585
2019_1235_1277,0.17151956646744201
2019_1235_1278,0.697501645873305
2019_1235_1279,0.8423529722433074
2019_1235_1280,0.5145056979617293
2019_1235_1285,0.9660952279114098
2019_1235_1293,0.8619133512046673
2019_1235_1295,0.9794058525288976
2019_1235_1297,0.9388374939119751
2019_1235_1300,0.997667455354798
2019_1235_1305,0.8413495509414575
2019_1235_1308,0.857245985134626
2019_1235_1314,0.28933061721641695
2019_1235_1318,0.9456188843876612
2019_1235_1326,0.7533165180930081
2019_1235_1328,0.575964615270973
2019_1235_1330,0.9292933494731912
2019_1235_1332,0.5040149105781954
2019_1235_1341,0.9881119159188637
2019_1235_1345,0.18839335216618297
2019_1235_1371,0.8432932030168654
2019_1235_1385,0.9381758642270476
2019_1235_1387,0.9425472015553992
2019_1235_1388,0.5910185561866445
2019_1235_1393,0.7454165202053753
2019_1235_1396,0.8669401892114501
2019_1235_1397,0.3319440969848349
2019_1235_1403,0.17269943600912602
2019_1235_1414,0.8698887238140983
2019_1235_1416,0.8046451686486195
2019_1235_1429,0.9139331634747735
2019_1235_1433,0.8692927380363779
2019_1235_1436,0.9055570532811618
2019_1235_1437,0.7329904970666552
2019_1235_1438,0.07082702097089479
2019_1235_1439,0.5693780347326066
2019_1235_1449,0.6031976505857655
2019_1235_1458,0.5172242865930773
2019_1235_1459,0.5213659403164131
2019_1235_1463,0.8928293153648518
2019_1242_1243,0.7203274658362663
2019_1242_1246,0.5033396452533517
2019_1242_1251,0.938543710561034
2019_1242_1257,0.8769857039956465
2019_1242_1261,0.7064876467365097
2019_1242_1266,0.9297863595382966
2019_1242_1268,0.7567928497343325
2019_1242_1276,0.3785759541596421
2019_1242_1277,0.3387012287831012
2019_1242_1278,0.8508441900678322
2019_1242_1279,0.9296711695471271
2019_1242_1280,0.7238914968992716
2019_1242_1285,0.9860126406392334
2019_1242_1293,0.9391796239103005
2019_1242_1295,0.9915721306763812
2019_1242_1297,0.9743422402051112
2019_1242_1300,0.999055838516977
2019_1242_1305,0.9291767987433733
2019_1242_1308,0.9369327833689115
2019_1242_1314,0.5017928024872439
2019_1242_1318,0.9772822996488645
2019_1242_1326,0.8831070571152272
2019_1242_1328,0.770659322985207
2019_1242_1330,0.9701623770293174
2019_1242_1332,0.7154226741127547
2019_1242_1341,0.9951603810680064
2019_1242_1345,0.3647804080644422
2019_1242_1371,0.9301338156449789
2019_1242_1385,0.9740540712079713
2019_1242_1387,0.9759536248503753
2019_1242_1388,0.7814243474357044
2019_1242_1393,0.8786942598666897
2019_1242_1396,0.9415843321333155
2019_1242_1397,0.5514183932876192
2019_1242_1403,0.3405583921873473
2019_1242_1414,0.9429875688506938
2019_1242_1416,0.9106333164230256
2019_1242_1429,0.9633301678230585
2019_1242_1433,0.9427043644572712
2019_1242_1436,0.9595486457178914
2019_1242_1437,0.8716533505439213
2019_1242_1438,0.15865819675371926
2019_1242_1439,0.765867596898755
2019_1242_1449,0.7899485218246612
2019_1242_1458,0.7260618673087547
2019_1242_1459,0.7293494285597834
2019_1242_1463,0.9537253393281683
2019_1243_1246,0.3021408522531123
2019_1243_1251,0.8670957525995582
2019_1243_1257,0.7528196305327719
2019_1243_1261,0.5069753543694804
2019_1243_1266,0.8497867490323859
2019_1243_1268,0.5706964611338604
2019_1243_1276,0.2065120271193384
2019_1243_1277,0.17952483162240981
2019_1243_1278,0.709045911485498
2019_1243_1279,0.8495615497591105
2019_1243_1280,0.5283108960416478
2019_1243_1285,0.9678614404136657
2019_1243_1293,0.868367278630917
2019_1243_1295,0.9804926712418447
2019_1243_1297,0.9419383147376615
2019_1243_1300,0.9977927230925994
2019_1243_1305,0.848595764054879
2019_1243_1308,0.8638836069063472
2019_1243_1314,0.30083779821688983
2019_1243_1318,0.9483947997099943
2019_1243_1326,0.7634530961226694
2019_1243_1328,0.5894168229505882
2019_1243_1330,0.9328434279879221
2019_1243_1332,0.517838861955824
2019_1243_1341,0.9887445679635444
2019_1243_1345,0.19699889608835164
2019_1243_1371,0.8504664195626821
2019_1243_1385,0.9413081314206738
2019_1243_1387,0.9454708710610823
2019_1243_1388,0.6043212754267179
2019_1243_1393,0.7557724769518256
2019_1243_1396,0.8731937366803797
2019_1243_1397,0.34432494019905496
2019_1243_1403,0.18074775477616034
2019_1243_1414,0.8760235129102064
2019_1243_1416,0.8131956017756262
2019_1243_1429,0.9181865583981904
2019_1243_1433,0.8754516046393684
2019_1243_1436,0.910183712647582
2019_1243_1437,0.743678108429886
2019_1243_1438,0.07455562192558506
2019_1243_1439,0.5828878725541096
2019_1243_1449,0.616361368988991
2019_1243_1458,0.5310226440816259
2019_1243_1459,0.535152310704779
2019_1243_1463,0.8980092676726512
2019_1246_1251,0.9431199189752625
2019_1246_1257,0.8855869093477005
2019_1246_1261,0.7232481185373788
2019_1246_1266,0.9349694819904099
2019_1246_1268,0.7716093753978424
2019_1246_1276,0.39810865110815635
2019_1246_1277,0.3573596898643117
2019_1246_1278,0.8609834798617259
2019_1246_1279,0.9348621995351838
2019_1246_1280,0.7400238622173049
2019_1246_1285,0.9871027514283911
2019_1246_1293,0.9437113203313452
2019_1246_1295,0.9922323735594129
2019_1246_1297,0.9763200452658497
2019_1246_1300,0.9991303187385664
2019_1246_1305,0.9344017439004091
2019_1246_1308,0.9416214846694234
2019_1246_1314,0.5223391740722677
2019_1246_1318,0.979038348579193
2019_1246_1326,0.8913332892754664
2019_1246_1328,0.7848712195217843
2019_1246_1330,0.9724532737328463
2019_1246_1332,0.7318665710998856
2019_1246_1341,0.9955407830452141
2019_1246_1345,0.3840412049225973
2019_1246_1371,0.9352930741243748
2019_1246_1385,0.9760535435775755
2019_1246_1387,0.9778100466352693
2019_1246_1388,0.7951464753875787
2019_1246_1393,0.8871913691313956
2019_1246_1396,0.9459471669464832
2019_1246_1397,0.5716651624672177
2019_1246_1403,0.3592635803866738
2019_1246_1414,0.9472514725995812
2019_1246_1416,0.9171042492243202
2019_1246_1429,0.9661273182805743
2019_1246_1433,0.9469882580803728
2019_1246_1436,0.9626230563139151
2019_1246_1437,0.8805766245928064
2019_1246_1438,0.16994729540431838
2019_1246_1439,0.7802917756197029
2019_1246_1449,0.8032702312757438
2019_1246_1458,0.7421125991328147
2019_1246_1459,0.7452751131504798
2019_1246_1463,0.9572226058609474
2019_1251_1257,0.339346145090616
2019_1251_1261,0.1477934172157068
2019_1251_1266,0.48825534892251354
2019_1251_1268,0.1831390078163836
2019_1251_1276,0.04204757286851308
2019_1251_1277,0.0355887980741827
2019_1251_1278,0.29128280638998233
2019_1251_1279,0.4878148222638726
2019_1251_1280,0.15888444358536408
2019_1251_1285,0.8354994354626791
2019_1251_1293,0.5266453342186374
2019_1251_1295,0.8944805835609857
2019_1251_1297,0.73233798334368
2019_1251_1300,0.9870531228867707
2019_1251_1305,0.485931938489746
2019_1251_1308,0.5169961916944406
2019_1251_1314,0.06765836915447714
2019_1251_1318,0.7560661330611148
2019_1251_1326,0.35246727598126737
2019_1251_1328,0.1949185546302595
2019_1251_1330,0.7008384882851143
2019_1251_1332,0.15335435187542898
2019_1251_1341,0.9367705642077694
2019_1251_1345,0.03973126807394514
2019_1251_1371,0.4895883097152871
2019_1251_1385,0.7300847535811739
2019_1251_1387,0.7451729616380913
2019_1251_1388,0.2048238476974279
2019_1251_1393,0.342927206140383
2019_1251_1396,0.537325504606258
2019_1251_1397,0.08136106985002303
2019_1251_1403,0.03587409958419502
2019_1251_1414,0.543734023892811
2019_1251_1416,0.4233571077006583
2019_1251_1429,0.6543107893937717
2019_1251_1433,0.5424299067056337
2019_1251_1436,0.6308729041220261
2019_1251_1437,0.3285517743633266
2019_1251_1438,0.01340482204078503
2019_1251_1439,0.19072951073746008
2019_1251_1449,0.21319313174521887
2019_1251_1458,0.16034456971119862
2019_1251_1459,0.1625909495009248
2019_1251_1463,0.5975775634872199
2019_1257_1261,0.2708725040685311
2019_1257_1266,0.6714666260484969
2019_1257_1268,0.3244468000279244
2019_1257_1276,0.08594498962962392
2019_1257_1277,0.07325895402851385
2019_1257_1278,0.46820575901987144
2019_1257_1279,0.6710775664756646
2019_1257_1280,0.2880776566161138
2019_1257_1285,0.9158251133702966
2019_1257_1293,0.704432553951503
2019_1257_1295,0.9478049639759829
2019_1257_1297,0.8542498939748094
2019_1257_1300,0.9939141376268034
2019_1257_1305,0.6694118237097456
2019_1257_1308,0.696317736185192
2019_1257_1314,0.1345381944901969
2019_1257_1318,0.8691023107427316
2019_1257_1326,0.5383250744417382
2019_1257_1328,0.34151536649359415
2019_1257_1330,0.8338423046284943
2019_1257_1332,0.27954536896049786
2019_1257_1341,0.9694534756278052
2019_1257_1345,0.08141599894784433
2019_1257_1371,0.6726423265681358
2019_1257_1385,0.8528166833426084
2019_1257_1387,0.8623378284048612
2019_1257_1388,0.3555800519938364
2019_1257_1393,0.527855258851556
2019_1257_1396,0.7132852160035456
2019_1257_1397,0.15946915723288313
2019_1257_1403,0.07382312618099478
2019_1257_1414,0.7185332006198083
2019_1257_1416,0.6113061809598938
2019_1257_1429,0.8021609495310482
2019_1257_1433,0.717469093668325
2019_1257_1436,0.7854605402304894
2019_1257_1437,0.5117654920174509
2019_1257_1438,0.028282217314285298
2019_1257_1439,0.33548865118281873
2019_1257_1449,0.3672642631871575
2019_1257_1458,0.2903152591048654
2019_1257_1459,0.2937454822927543
2019_1257_1463,0.7608226305861439
2019_1261_1266,0.8582256087839308
2019_1261_1268,0.5871979469892779
2019_1261_1276,0.2178262469247859
2019_1261_1277,0.18971400342262545
2019_1261_1278,0.7228124302586659
2019_1261_1279,0.8580109471104008
2019_1261_1280,0.5451430773318746
2019_1261_1285,0.9699019012964784
2019_1261_1293,0.8759147198479679
2019_1261_1295,0.981746306314167
2019_1261_1297,0.9455319990409393
2019_1261_1300,0.99793691270063
2019_1261_1305,0.857090280284614
2019_1261_1308,0.8716501308684445
2019_1261_1314,0.3152665892647719
2019_1261_1318,0.9516093945504365
2019_1261_1326,0.7754605529269771
2019_1261_1328,0.6056959023339649
2019_1261_1330,0.9369623609069413
2019_1261_1332,0.5347156242008084
2019_1261_1341,0.9894735896224331
2019_1261_1345,0.20792849452653958
2019_1261_1371,0.8588734371892188
2019_1261_1385,0.9449385404061006
2019_1261_1387,0.9488577817006332
2019_1261_1388,0.6203900051534075
2019_1261_1393,0.7680513616942521
2019_1261_1396,0.8805025246855424
2019_1261_1397,0.3597662129251061
2019_1261_1403,0.19099017827454495
2019_1261_1414,0.8831910182403053
2019_1261_1416,0.8232625893468813
2019_1261_1429,0.9231303682080214
2019_1261_1433,0.8826477446896513
2019_1261_1436,0.915566647419192
2019_1261_1437,0.7563690398595598
2019_1261_1438,0.07936340269308984
2019_1261_1439,0.5992498118814252
2019_1261_1449,0.6322386986473088
2019_1261_1458,0.5478408769734857
2019_1261_1459,0.5519474042131318
2019_1261_1463,0.904044927830888
2019_1266_1268,0.20544033073795046
2019_1266_1276,0.04818121531468377
2019_1266_1277,0.04082042175450256
2019_1266_1278,0.3215689394036621
2019_1266_1279,0.5234429608720984
2019_1266_1280,0.17887900068559875
2019_1266_1285,0.8541722425412589
2019_1266_1293,0.5619976549624516
2019_1266_1295,0.9072019308771733
2019_1266_1297,0.7593479684248534
2019_1266_1300,0.9887543025228888
2019_1266_1305,0.5215625948785737
2019_1266_1308,0.5524567529132827
2019_1266_1314,0.07722677880331108
2019_1266_1318,0.7813964303276018
2019_1266_1326,0.3856533261658159
2019_1266_1328,0.21827101530502957
2019_1266_1330,0.7298545733666532
2019_1266_1332,0.1727959520775846
2019_1266_1341,0.9447086163286057
2019_1266_1345,0.045543086088691766
2019_1266_1371,0.5252131536210484
2019_1266_1385,0.7572467441893921
2019_1266_1387,0.7712922436166659
2019_1266_1388,0.22902543349883425
2019_1266_1393,0.375736231067464
2019_1266_1396,0.5725276203261381
2019_1266_1397,0.09267472435547046
2019_1266_1403,0.04114587381707534
2019_1266_1414,0.5788307358792715
2019_1266_1416,0.45849172332463833
2019_1266_1429,0.6858165941437008
2019_1266_1433,0.5775489944859842
2019_1266_1436,0.6634159814662972
2019_1266_1437,0.3607405336442548
2019_1266_1438,0.015427524467688202
2019_1266_1439,0.2137133229126129
2019_1266_1449,0.23808752500938263
2019_1266_1458,0.1804834462386141
2019_1266_1459,0.182950490974028
2019_1266_1463,0.6313406960682879
2019_1268_1276,0.17723862508676902
2019_1268_1277,0.15333765200873117
2019_1268_1278,0.6685568874883528
2019_1268_1279,0.8237664375748497
2019_1268_1280,0.481077876935394
2019_1268_1285,0.9614298484216232
2019_1268_1293,0.8452091985523329
2019_1268_1295,0.9765275471940451
2019_1268_1297,0.9306904682658398
2019_1268_1300,0.9973345050973541
2019_1268_1305,0.8226696181300449
2019_1268_1308,0.840081983486056
2019_1268_1314,0.26261888211584955
2019_1268_1318,0.9383158105375343
2019_1268_1326,0.7276269163691669
2019_1268_1328,0.5430098407510519
2019_1268_1330,0.9199833686536485
2019_1268_1332,0.4706079887191867
2019_1268_1341,0.9864335438420266
2019_1268_1345,0.16878714819417517
2019_1268_1371,0.8247944643645224
2019_1268_1385,0.9299472835848801
2019_1268_1387,0.9348600343663955
2019_1268_1388,0.55833658554835
2019_1268_1393,0.7192108661217206
2019_1268_1396,0.8507388207982569
2019_1268_1397,0.30297541475339956
2019_1268_1403,0.1544157610485093
2019_1268_1414,0.853985902346656
2019_1268_1416,0.782759439743511
2019_1268_1429,0.9028122154170621
2019_1268_1433,0.8533293544983127
2019_1268_1436,0.8934799471099749
2019_1268_1437,0.7060102292008299
2019_1268_1438,0.06251360246684662
2019_1268_1439,0.5363234639902953
2019_1268_1449,0.5707821195903672
2019_1268_1458,0.48379584764834205
2019_1268_1459,0.4879403649336205
2019_1268_1463,0.8793414844573639
2019_1276_1277,0.48053818313395863
2019_1276_1278,0.9115281689117134
2019_1276_1279,0.959799688214621
2019_1276_1280,0.8256416720667651
2019_1276_1285,0.9922070775317108
2019_1276_1293,0.9653864284672578
2019_1276_1295,0.9953161893039097
2019_1276_1297,0.9856297020929854
2019_1276_1300,0.9994770331976986
2019_1276_1305,0.9595078789817627
2019_1276_1308,0.9640706886811367
2019_1276_1314,0.6452837508324686
2019_1276_1318,0.9872932268649133
2019_1276_1326,0.9317182967315827
2019_1276_1328,0.8585427073601896
2019_1276_1330,0.9832570626374705
2019_1276_1332,0.8195156226463259
2019_1276_1341,0.9973146859251839
2019_1276_1345,0.5091303671957321
2019_1276_1371,0.9600726510962584
2019_1276_1385,0.9854664145502628
2019_1276_1387,0.9865419915406363
2019_1276_1388,0.8659003766260415
2019_1276_1393,0.9289930570372363
2019_1276_1396,0.9667916129700472
2019_1276_1397,0.6894617133094151
2019_1276_1403,0.4826054983940213
2019_1276_1414,0.9676101603599363
2019_1276_1416,0.9484654592336649
2019_1276_1429,0.9793594779844396
2019_1276_1433,0.9674450440364741
2019_1276_1436,0.9771918176888142
2019_1276_1437,0.9246211768958401
2019_1276_1438,0.2540656134240435
2019_1276_1439,0.8552422684602128
2019_1276_1449,0.8716711227473414
2019_1276_1458,0.8272031481048185
2019_1276_1459,0.8295618350565527
2019_1276_1463,0.9738391449991101
2019_1277_1278,0.9245563980388515
2019_1277_1279,0.9659847874531542
2019_1277_1280,0.8492254099647877
2019_1277_1285,0.9934401512115236
2019_1277_1293,0.9707381743760791
2019_1277_1295,0.9960592622949646
2019_1277_1297,0.9878908120446115
2019_1277_1300,0.9995602919847939
2019_1277_1305,0.9657362723458752
2019_1277_1308,0.9696194645360805
2019_1277_1314,0.6839236202560075
2019_1277_1318,0.9892954304880861
2019_1277_1326,0.9419626606378874
2019_1277_1328,0.8783320345090604
2019_1277_1330,0.9858861522101853
2019_1277_1332,0.8437711804720172
2019_1277_1341,0.9977414226844937
2019_1277_1345,0.5523118434386206
2019_1277_1371,0.9662172312933754
2019_1277_1385,0.9877528979073527
2019_1277_1387,0.9886612076890303
2019_1277_1388,0.8847985097642388
2019_1277_1393,0.9396197941325658
2019_1277_1396,0.9719324141963115
2019_1277_1397,0.7253375707603035
2019_1277_1403,0.525947739712915
2019_1277_1414,0.9726278345203581
2019_1277_1416,0.9563150381340967
2019_1277_1429,0.9825897557820562
2019_1277_1433,0.9724875699054425
2019_1277_1436,0.9807546716796974
2019_1277_1437,0.9358570239916467
2019_1277_1438,0.2883205519423969
2019_1277_1439,0.8754263193181784
2019_1277_1449,0.8898594506652217
2019_1277_1458,0.8506138946016086
2019_1277_1459,0.8527099233599086
2019_1277_1463,0.9779138812993056
2019_1278_1279,0.7182940698614277
2019_1278_1280,0.3358627590370318
2019_1278_1285,0.9314948260647143
2019_1278_1293,0.74865430894581
2019_1278_1295,0.9577957615364875
2019_1278_1297,0.8798787824434469
2019_1278_1300,0.9951244502713571
2019_1278_1305,0.7167665222192259
2019_1278_1308,0.7413077377348084
2019_1278_1314,0.1626743717302221
2019_1278_1318,0.892448344814954
2019_1278_1326,0.5930417361465996
2019_1278_1328,0.3932679789255975
2019_1278_1330,0.862482010389504
2019_1278_1332,0.32656438075545513
2019_1278_1341,0.9754079873826713
2019_1278_1345,0.09972274453826081
2019_1278_1371,0.7197280214035442
2019_1278_1385,0.8786617926891308
2019_1278_1387,0.8867330956906583
2019_1278_1388,0.40814295273400764
2019_1278_1393,0.5828512363252022
2019_1278_1396,0.7566400427503013
2019_1278_1397,0.19166452924316993
2019_1278_1403,0.09059095431705422
2019_1278_1414,0.7613599643239158
2019_1278_1416,0.6627913975664911
2019_1278_1429,0.8351820242523794
2019_1278_1433,0.7604037781070939
2019_1278_1436,0.8206458185139072
2019_1278_1437,0.5670986040737696
2019_1278_1438,0.03509809410507107
2019_1278_1439,0.38686454337915877
2019_1278_1449,0.4204275155707968
2019_1278_1458,0.33829515380172054
2019_1278_1459,0.34201907392516845
2019_1278_1463,0.7990146732173204
2019_1279_1280,0.17913811615460473
2019_1279_1285,0.8543917227723093
2019_1279_1293,0.5624316096016972
2019_1279_1295,0.9073502551010826
2019_1279_1297,0.7596700105572015
2019_1279_1300,0.9887738901381571
2019_1279_1305,0.5220025373796406
2019_1279_1308,0.5528926399932389
2019_1279_1314,0.07735251711147376
2019_1279_1318,0.7816974494765295
2019_1279_1326,0.3860711363524445
2019_1279_1328,0.2185720031284858
2019_1279_1330,0.7302020605997452
2019_1279_1332,0.17304811294971925
2019_1279_1341,0.9448006392075092
2019_1279_1345,0.04561978828022662
2019_1279_1371,0.525652792238523
2019_1279_1385,0.7575707004760454
2019_1279_1387,0.7716031094854868
2019_1279_1388,0.22933690059179715
2019_1279_1393,0.37614987554604673
2019_1279_1396,0.5729590696934753
2019_1279_1397,0.09282308447830555
2019_1279_1403,0.04121549015750338
2019_1279_1414,0.5792604986221945
2019_1279_1416,0.458929496604214
2019_1279_1429,0.6861963721760815
2019_1279_1433,0.5779791115477517
2019_1279_1436,0.6638095634182986
2019_1279_1437,0.3611472200197312
2019_1279_1438,0.015454328245053897
2019_1279_1439,0.21400974642468695
2019_1279_1449,0.23840750526928564
2019_1279_1458,0.1807443742462729
2019_1279_1459,0.1832141882571337
2019_1279_1463,0.631750965625141
2019_1280_1285,0.967304355655762
2019_1280_1293,0.866323773103967
2019_1280_1295,0.980150043841267
2019_1280_1297,0.9409592933091213
2019_1280_1300,0.9977532581297026
2019_1280_1305,0.8462996476025704
2019_1280_1308,0.8617815747219091
2019_1280_1314,0.2971152984431786
2019_1280_1318,0.9475185801830392
2019_1280_1326,0.7602305856997162
2019_1280_1328,0.5851118367927388
2019_1280_1330,0.9317221671026491
2019_1280_1332,0.5134029563783384
2019_1280_1341,0.9885451839109547
2019_1280_1345,0.19420437826741047
2019_1280_1371,0.8481935974473255
2019_1280_1385,0.9403191572593395
2019_1280_1387,0.9445479080951359
2019_1280_1388,0.6000665275952906
2019_1280_1393,0.7524792560634703
2019_1280_1396,0.871214046183534
2019_1280_1397,0.3403262674804878
2019_1280_1403,0.17813262745144315
2019_1280_1414,0.8740816299813506
2019_1280_1416,0.8104825225507412
2019_1280_1429,0.9168423980644892
2019_1280_1433,0.8735020572642209
2019_1280_1436,0.9087211399738521
2019_1280_1437,0.7402778480295039
2019_1280_1438,0.07333938190057517
2019_1280_1439,0.5785633767433288
2019_1280_1449,0.612152997809715
2019_1280_1458,0.5265971465814376
2019_1280_1459,0.5307313450720101
2019_1280_1463,0.8963710174312871
2019_1285_1293,0.1942183897178305
2019_1285_1295,0.6474470775361737
2019_1285_1297,0.3721522101522286
2019_1285_1300,0.9429108330746061
2019_1285_1305,0.16997576806622847
2019_1285_1308,0.18823786813171267
2019_1285_1314,0.015477945622264769
2019_1285_1318,0.4017256082933042
2019_1285_1326,0.10548400496679092
2019_1285_1328,0.04983710975249697
2019_1285_1330,0.33665913156390864
2019_1285_1332,0.03775893448869543
2019_1285_1341,0.7624495887082484
2019_1285_1345,0.008883939069450588
2019_1285_1371,0.17205041944010693
2019_1285_1385,0.36947743216337703
2019_1285_1387,0.3878210579156736
2019_1285_1388,0.0528537304143227
2019_1285_1393,0.10158022636833873
2019_1285_1396,0.20101998281720265
2019_1285_1397,0.018826051055461094
2019_1285_1403,0.007996535453298264
2019_1285_1414,0.2051963745455153
2019_1285_1416,0.13722653859997547
2019_1285_1429,0.29080664845056725
2019_1285_1433,0.20434058028467905
2019_1285_1436,0.27021175197893316
2019_1285_1437,0.09584622353673394
2019_1285_1438,0.0029348574819881754
2019_1285_1439,0.0485779115278598
2019_1285_1449,0.05544636859494886
2019_1285_1458,0.03972730936206429
2019_1285_1459,0.040365112214377864
2019_1285_1463,0.24339969417231794
2019_1293_1295,0.893430346312422
2019_1293_1297,0.7301607770436863
2019_1293_1300,0.9869107795129345
2019_1293_1305,0.48316493081312806
2019_1293_1308,0.5142292394779535
2019_1293_1314,0.0669628591169275
2019_1293_1318,0.7540171062737034
2019_1293_1326,0.3499429045874496
2019_1293_1328,0.1931859095827776
2019_1293_1330,0.6985105416490057
2019_1293_1332,0.1519214543700924
2019_1293_1341,0.9361111761555387
2019_1293_1345,0.0393107367908041
2019_1293_1371,0.48682019847593355
2019_1293_1385,0.7278960290585955
2019_1293_1387,0.743063528379211
2019_1293_1388,0.20302535794088591
2019_1293_1393,0.3404352388896368
2019_1293_1396,0.5345701682917067
2019_1293_1397,0.08053686737218796
2019_1293_1403,0.035492885102827984
2019_1293_1414,0.5409842496317044
2019_1293_1416,0.4206548474184588
2019_1293_1429,0.6518006666311476
2019_1293_1433,0.5396789267353931
2019_1293_1436,0.6282892765529543
2019_1293_1437,0.3261124238354136
2019_1293_1438,0.01325909265619937
2019_1293_1439,0.18902535958137615
2019_1293_1449,0.21134068559893082
2019_1293_1458,0.15885861284230682
2019_1293_1459,0.1610881687221979
2019_1293_1463,0.5949105317703159
2019_1295_1297,0.2620719244327245
2019_1295_1300,0.9082227144688454
2019_1295_1305,0.1092882906773689
2019_1295_1308,0.12198843879049953
2019_1295_1314,0.009331606260094497
2019_1295_1318,0.28689492287631396
2019_1295_1326,0.06599172130735115
2019_1295_1328,0.030468898888868213
2019_1295_1330,0.2331783565629878
2019_1295_1332,0.022971187433952277
2019_1295_1341,0.6578941784056936
2019_1295_1345,0.005341892148579544
2019_1295_1371,0.11072102571865432
2019_1295_1385,0.2598608652445431
2019_1295_1387,0.27513707612019755
2019_1295_1388,0.03235308793615955
2019_1295_1393,0.06344581961579704
2019_1295_1396,0.13099790977528733
2019_1295_1397,0.011365517331178321
2019_1295_1403,0.004806582533407575
2019_1295_1414,0.13396344267808524
2019_1295_1416,0.08700605166763661
2019_1295_1429,0.19722929498286387
2019_1295_1433,0.13335488734928647
2019_1295_1436,0.18156488309108998
2019_1295_1437,0.05972133641541331
2019_1295_1438,0.0017605098548955345
2019_1295_1439,0.02968377520609857
2019_1295_1449,0.03397618024005161
2019_1295_1458,0.024188054338835505
2019_1295_1459,0.024582768434164175
2019_1295_1463,0.16160114177502313
2019_1297_1300,0.9684143131116452
2019_1297_1305,0.2754388695096438
2019_1297_1308,0.300923868427147
2019_1297_1314,0.028356255467826743
2019_1297_1318,0.554857873642496
2019_1297_1326,0.1795904236610992
2019_1297_1328,0.08872726859504221
2019_1297_1330,0.4850995485398413
2019_1297_1332,0.06789745428601851
2019_1297_1341,0.8562830348264423
2019_1297_1345,0.016366963653991873
2019_1297_1371,0.2783690515548663
2019_1297_1385,0.5210224250646166
2019_1297_1387,0.5404409663025861
2019_1297_1388,0.09386534611457951
2019_1297_1393,0.17347596619947253
2019_1297_1396,0.318356921877212
2019_1297_1397,0.034392810598407944
2019_1297_1403,0.014743210572779938
2019_1297_1414,0.3239825928985991
2019_1297_1416,0.22795045214033213
2019_1297_1429,0.43220240450478187
2019_1297_1433,0.3228326131607741
2019_1297_1436,0.4073454917785877
2019_1297_1437,0.16442634333699233
2019_1297_1438,0.005434390905941604
2019_1297_1439,0.08657499223934205
2019_1297_1449,0.09826102312178402
2019_1297_1458,0.07132050121816912
2019_1297_1459,0.07242726168794683
2019_1297_1463,0.3738976866841013
2019_1300_1305,0.013459056674136253
2019_1300_1308,0.015213307586480056
2019_1300_1314,0.0010462525145359643
2019_1300_1318,0.04281804863840158
2019_1300_1326,0.007794769533227699
2019_1300_1328,0.0034821153044113005
2019_1300_1330,0.032705123851866254
2019_1300_1332,0.002607385573371395
2019_1300_1341,0.17615805771849882
2019_1300_1345,0.0005967948439334247
2019_1300_1371,0.013654759817020017
2019_1300_1385,0.03757154072300493
2019_1300_1387,0.04049518842978391
2019_1300_1388,0.0037038238391406465
2019_1300_1393,0.007476083136245615
2019_1300_1396,0.0164849483858844
2019_1300_1397,0.0012766201856161243
2019_1300_1403,0.0005367335985342423
2019_1300_1414,0.01690857540857565
2019_1300_1416,0.010484965246314029
2019_1300_1429,0.026591216346950653
2019_1300_1433,0.016821436543891077
2019_1300_1436,0.024072878412807117
2019_1300_1437,0.007012610304195729
2019_1300_1438,0.00019605665801840865
2019_1300_1439,0.0033899565848108373
2019_1300_1449,0.0038954235737459608
2019_1300_1458,0.002748542905544563
2019_1300_1459,0.002794397040744392
2019_1300_1463,0.02098202728091546
2019_1305_1308,0.5547549884069604
2019_1305_1314,0.07789212370080062
2019_1305_1318,0.782980837083247
2019_1305_1326,0.38785902245599035
2019_1305_1328,0.21986199516688246
2019_1305_1330,0.73168427233187
2019_1305_1332,0.1741292978946299
2019_1305_1341,0.9451923830329778
2019_1305_1345,0.04594905352700737
2019_1305_1371,0.5275316450693393
2019_1305_1385,0.7589521894499112
2019_1305_1387,0.7729286025632389
2019_1305_1388,0.2306716714787221
2019_1305_1393,0.3779200992599882
2019_1305_1396,0.5748021139222805
2019_1305_1397,0.09345968088431589
2019_1305_1403,0.04151434971329784
2019_1305_1414,0.5810962304778842
2019_1305_1416,0.4608015389917546
2019_1305_1429,0.6878169830671029
2019_1305_1433,0.579816378760673
2019_1305_1436,0.6654894285447588
2019_1305_1437,0.3628879090221016
2019_1305_1438,0.015569423200482107
2019_1305_1439,0.21528023044961464
2019_1305_1449,0.23977864290457807
2019_1305_1458,0.18186306963450016
2019_1305_1459,0.1843447305435597
2019_1305_1463,0.6335025775822899
2019_1308_1314,0.06941984403566302
2019_1308_1318,0.7611190532482106
2019_1308_1326,0.3587902307422338
2019_1308_1328,0.19928504257536794
2019_1308_1330,0.7065914547731773
2019_1308_1332,0.15697127783150394
2019_1308_1341,0.9383853624776552
2019_1308_1345,0.04079748084201172
2019_1308_1371,0.49648506064148734
2019_1308_1385,0.7354875736008141
2019_1308_1387,0.7503770274574196
2019_1308_1388,0.20935452833273221
2019_1308_1393,0.34917130507822497
2019_1308_1396,0.5441777688098829
2019_1308_1397,0.08344736238528731
2019_1308_1403,0.03684077403503556
2019_1308_1414,0.550570762467175
2019_1308_1416,0.43010706876341065
2019_1308_1429,0.6605250991035782
2019_1308_1433,0.5492699877127607
2019_1308_1436,0.6372749758436318
2019_1308_1437,0.33466744004541105
2019_1308_1438,0.013774682872305731
2019_1308_1439,0.1950248897310912
2019_1308_1449,0.2178582197057337
2019_1308_1458,0.1640944087718559
2019_1308_1459,0.16638291273010536
2019_1308_1463,0.604194803945354
2019_1314_1318,0.9791649551922033
2019_1314_1326,0.8919311539445581
2019_1314_1328,0.7859141338858526
2019_1314_1330,0.9726185412765266
2019_1314_1332,0.7330790573135552
2019_1314_1341,0.9955681675340763
2019_1314_1345,0.3855059355559316
2019_1314_1371,0.9356665365380563
2019_1314_1385,0.9761977398681323
2019_1314_1387,0.9779439049547393
2019_1314_1388,0.7961525142236404
2019_1314_1393,0.8878091535936887
2019_1314_1396,0.9462626711894112
2019_1314_1397,0.5731795922846944
2019_1314_1403,0.3606891470122997
2019_1314_1414,0.9475597857119349
2019_1314_1416,0.9175734385651493
2019_1314_1429,0.966329224515322
2019_1314_1433,0.9472980240755319
2019_1314_1436,0.9628450472392804
2019_1314_1437,0.8812257843251299
2019_1314_1438,0.17082192529610146
2019_1314_1439,0.7813507058766375
2019_1314_1449,0.8042461960241868
2019_1314_1458,0.7432950044489689
2019_1314_1459,0.7464479725570169
2019_1314_1463,0.957475254473962
2019_1318_1326,0.16194330034120513
2019_1318_1328,0.07914728805127687
2019_1318_1330,0.4540465283454328
2019_1318_1332,0.060417381761795196
2019_1318_1341,0.8402434404147967
2019_1318_1345,0.014475696849856053
2019_1318_1371,0.2540209604599563
2019_1318_1385,0.4898575627913235
2019_1318_1387,0.509349756310317
2019_1318_1388,0.08378160620104944
2019_1318_1393,0.1563151915809444
2019_1318_1396,0.29192612789759803
2019_1318_1397,0.030483138111221057
2019_1318_1403,0.013037087937132137
2019_1318_1414,0.29728844163186846
2019_1318_1416,0.2067488584671942
2019_1318_1429,0.40189255864739026
2019_1318_1433,0.29619169859152056
2019_1318_1436,0.3776195085279568
2019_1318_1437,0.14800048436177618
2019_1318_1438,0.004800260654688448
2019_1318_1439,0.07720770659962713
2019_1318_1449,0.08775079557961296
2019_1318_1458,0.0634890074021301
2019_1318_1459,0.06448267618852284
2019_1318_1463,0.34519088302091844
2019_1326_1328,0.3285950461034282
2019_1326_1330,0.8256504299819964
2019_1326_1332,0.26801527591263563
2019_1326_1341,0.9676883973779914
2019_1326_1345,0.07718245481765573
2019_1326_1371,0.6597460030294992
2019_1326_1385,0.8453868223950822
2019_1326_1387,0.8553070518524951
2019_1326_1388,0.342404317505671
2019_1326_1393,0.5133814784261788
2019_1326_1396,0.7012789620686125
2019_1326_1397,0.1518478590441063
2019_1326_1403,0.06995433582127775
2019_1326_1414,0.7066563292061188
2019_1326_1416,0.5974396350976764
2019_1326_1429,0.7927952614142453
2019_1326_1433,0.7055657201424851
2019_1326_1436,0.7755254940867622
2019_1326_1437,0.49726823571813666
2019_1326_1438,0.026731171015740206
2019_1326_1439,0.3226846037707057
2019_1326_1449,0.35389334039916903
2019_1326_1458,0.278512676176444
2019_1326_1459,0.28185883127234435
2019_1326_1463,0.7501096221171615
2019_1328_1330,0.9141394973157164
2019_1328_1332,0.45151147524336727
2019_1328_1341,0.985365542754594
2019_1328_1345,0.1582763389702536
2019_1328_1371,0.8134086391611282
2019_1328_1385,0.9247716040958691
2019_1328_1387,0.9300200080298074
2019_1328_1388,0.5393067434727449
2019_1328_1393,0.7034307727574488
2019_1328_1396,0.8407133969102669
2019_1328_1397,0.2869935259564156
2019_1328_1403,0.14464416076740014
2019_1328_1414,0.8441386182881271
2019_1328_1416,0.7694056603000157
2019_1328_1429,0.8958562419895107
2019_1328_1433,0.8434459095497796
2019_1328_1436,0.8859404253289418
2019_1328_1437,0.6898082339126342
2019_1328_1438,0.05815768172177095
2019_1328_1439,0.5171653630284854
2019_1328_1449,0.5518581107083447
2019_1328_1458,0.4646338726570783
2019_1328_1459,0.46876330363178415
2019_1328_1463,0.8709457826295139
2019_1330_1332,0.0784047898547089
2019_1330_1341,0.8743497645809372
2019_1330_1345,0.019062891002318724
2019_1330_1371,0.3105941899385584
2019_1330_1385,0.5595565477772935
2019_1330_1387,0.5786761521736867
2019_1330_1388,0.10792598571867797
2019_1330_1393,0.1968709920534542
2019_1330_1396,0.3529471142611521
2019_1330_1397,0.0399373585100108
2019_1330_1403,0.01717634761297311
2019_1330_1414,0.35886222874415513
2019_1330_1416,0.2564128342852861
2019_1330_1429,0.4706219325007081
2019_1330_1433,0.3576539440069753
2019_1330_1436,0.44528827315491065
2019_1330_1437,0.1868768741451955
2019_1330_1438,0.006341139907977119
2019_1330_1439,0.09966368077529836
2019_1330_1449,0.1128980780994685
2019_1330_1458,0.08231078524782907
2019_1330_1459,0.08357274649137156
2019_1330_1463,0.4108849178570884
2019_1332_1341,0.9890109184888671
2019_1332_1345,0.200858082493951
2019_1332_1371,0.8535202354892886
2019_1332_1385,0.9426318948179168
2019_1332_1387,0.9467060617799601
2019_1332_1388,0.6100973412413184
2019_1332_1393,0.7602149140983456
2019_1332_1396,0.8758511635258704
2019_1332_1397,0.34981294962471904
2019_1332_1403,0.184361675217924
2019_1332_1414,0.8786298800791792
2019_1332_1416,0.8168466530558036
2019_1332_1429,0.9199874886156285
2019_1332_1433,0.8780683215884418
2019_1332_1436,0.9121439505526705
2019_1332_1437,0.7482672636418582
2019_1332_1438,0.07624390694044879
2019_1332_1439,0.5887639065112746
2019_1332_1449,0.6220715911153158
2019_1332_1458,0.5370490183837023
2019_1332_1459,0.541171470477983
2019_1332_1463,0.9002060799832247
2019_1341_1345,0.0030634684141288278
2019_1341_1371,0.06650133810198106
2019_1341_1385,0.16728227594931835
2019_1341_1387,0.17842815572060752
2019_1341_1388,0.018771271285947806
2019_1341_1393,0.037314625502369296
2019_1341_1396,0.07940313415393162
2019_1341_1397,0.006534776393939173
2019_1341_1403,0.002755846450727606
2019_1341_1414,0.08130995026856128
2019_1341_1416,0.05170692928012724
2019_1341_1429,0.12324834817271343
2019_1341_1433,0.08091823516009664
2019_1341_1436,0.11263526199713612
2019_1341_1437,0.03506669536512166
2019_1341_1438,0.001008069099278992
2019_1341_1439,0.017202613876759688
2019_1341_1449,0.01972688071240401
2019_1341_1458,0.01398437973074437
2019_1341_1459,0.014215010201574419
2019_1341_1463,0.0993307449947379
2019_1345_1371,0.9622767569974439
2019_1345_1385,0.9862887307119025
2019_1345_1387,0.9873042351351707
2019_1345_1388,0.8726132950597031
2019_1345_1393,0.9327927452518039
2019_1345_1396,0.968636929155225
2019_1345_1397,0.7019670053538147
2019_1345_1403,0.4973680587735727
2019_1345_1414,0.9694114307948973
2019_1345_1416,0.9512777988074416
2019_1345_1429,0.9805204970192254
2019_1345_1433,0.9692552051906962
2019_1345_1436,0.9784720863151201
2019_1345_1437,0.9286368397893123
2019_1345_1438,0.26542362182563795
2019_1345_1439,0.8624039414717065
2019_1345_1449,0.87813581824112
2019_1345_1458,0.8354851735394425
2019_1345_1459,0.8377529839361761
2019_1345_1463,0.9753028495170412
2019_1371_1385,0.7562647957128864
2019_1371_1387,0.770349879663225
2019_1371_1388,0.22808487396652022
2019_1371_1393,0.37448581870397074
2019_1371_1396,0.571221562503865
2019_1371_1397,0.09222714348164776
2019_1371_1403,0.040935928140325574
2019_1371_1414,0.5775297254884797
2019_1371_1416,0.4571675943455351
2019_1371_1429,0.6846660275101715
2019_1371_1433,0.5762469233229227
2019_1371_1436,0.6622237844818105
2019_1371_1437,0.35951128581742214
2019_1371_1438,0.015346705628873511
2019_1371_1439,0.2128182887409209
2019_1371_1449,0.2371211955638084
2019_1371_1458,0.17969577434669726
2019_1371_1459,0.18215444545710874
2019_1371_1463,0.6300982337851497
2019_1385_1387,0.5432869807996553
2019_1385_1388,0.0948450023199973
2019_1385_1393,0.17512592243540986
2019_1385_1396,0.3208499403374265
2019_1385_1397,0.03477558370909276
2019_1385_1403,0.014910671363345817
2019_1385_1414,0.32649856404985445
2019_1385_1416,0.22997436168080995
2019_1385_1429,0.4350179805368211
2019_1385_1433,0.3253439517719834
2019_1385_1436,0.41011609868397514
2019_1385_1437,0.1660075148824464
2019_1385_1438,0.0054967073343640685
2019_1385_1439,0.0874859064897279
2019_1385_1449,0.09928152969078231
2019_1385_1458,0.07208357881140956
2019_1385_1459,0.07320124743035938
2019_1385_1463,0.3765853522958155
2019_1387_1388,0.08835878400407635
2019_1387_1393,0.16414510976802935
2019_1387_1396,0.30410044680187887
2019_1387_1397,0.03225099683413144
2019_1387_1403,0.01380757864417482
2019_1387_1414,0.3095886118110182
2019_1387_1416,0.21645688972230753
2019_1387_1429,0.41595881688984326
2019_1387_1433,0.30846641059711993
2019_1387_1436,0.3913921462662457
2019_1387_1437,0.15549067267591757
2019_1387_1438,0.005086464397547501
2019_1387_1439,0.08145766792155992
2019_1387_1449,0.09252292129738789
2019_1387_1458,0.06703867207893997
2019_1387_1459,0.06808385791041598
2019_1387_1463,0.35846198128204665
2019_1388_1393,0.6903466648581825
2019_1388_1396,0.8322415240074498
2019_1388_1397,0.2744861911823686
2019_1388_1403,0.137147210931343
2019_1388_1414,0.8358133426360174
2019_1388_1416,0.7582318456328683
2019_1388_1429,0.8899332454829398
2019_1388_1433,0.8350908615196951
2019_1388_1436,0.879529320619786
2019_1388_1437,0.6763996038091977
2019_1388_1438,0.054855871415951905
2019_1388_1439,0.5016850279120703
2019_1388_1449,0.5364931820468446
2019_1388_1458,0.44926286932628773
2019_1388_1459,0.4533713776498029
2019_1388_1463,0.8638214044816952
2019_1393_1396,0.7100157757537521
2019_1393_1397,0.15734511939125853
2019_1393_1403,0.07274112124244228
2019_1393_1414,0.7152997178749252
2019_1393_1416,0.6075137380030434
2019_1393_1429,0.799620262743866
2019_1393_1433,0.7142282483374607
2019_1393_1436,0.7827634650714375
2019_1393_1437,0.5077838457764127
2019_1393_1438,0.02784762343313042
2019_1393_1439,0.3319460260813617
2019_1393_1449,0.36356968091210573
2019_1393_1458,0.28704359546036906
2019_1393_1459,0.29045098307377676
2019_1393_1463,0.7579112848850524
2019_1396_1397,0.07741686944087196
2019_1396_1403,0.034053262863971125
2019_1396_1414,0.530314710933815
2019_1396_1416,0.4102375007779608
2019_1396_1429,0.6420024063556564
2019_1396_1433,0.5290054626223214
2019_1396_1436,0.6182169367346658
2019_1396_1437,0.31675627635128106
2019_1396_1438,0.012709408945146158
2019_1396_1439,0.18253688959355258
2019_1396_1449,0.2042791703283471
2019_1396_1458,0.15321001647957627
2019_1396_1459,0.1553749392026555
2019_1396_1463,0.5845318190802393
2019_1397_1403,0.31613173373141645
2019_1397_1414,0.9367300289912436
2019_1397_1416,0.9011967311148874
2019_1397_1429,0.9592087969586237
2019_1397_1433,0.9364178366671808
2019_1397_1436,0.9550221083220924
2019_1397_1437,0.8587392117112319
2019_1397_1438,0.14442106117172113
2019_1397_1439,0.7454181710411554
2019_1397_1449,0.7709733921213787
2019_1397_1458,0.7034818127866126
2019_1397_1459,0.7069309785342162
2019_1397_1463,0.9485820875679424
2019_1403_1414,0.972406517906264
2019_1403_1416,0.9559677961551734
2019_1403_1429,0.9824475323257797
2019_1403_1433,0.9722651515264916
2019_1403_1436,0.9805977535158371
2019_1403_1437,0.9353581578335561
2019_1403_1438,0.2866244394919064
2019_1403_1439,0.8745204755978456
2019_1403_1449,0.889045256273603
2019_1403_1458,0.8495586319655677
2019_1403_1459,0.8516668850774548
2019_1403_1463,0.9777343263982613
2019_1414_1416,0.4040091860551122
2019_1414_1429,0.6360502586900669
2019_1414_1433,0.5225717163968581
2019_1414_1436,0.6121082612402058
2019_1414_1437,0.3111983210200195
2019_1414_1438,0.012389661850117223
2019_1414_1439,0.17871798698083496
2019_1414_1449,0.2001167463387887
2019_1414_1458,0.14989216605171826
2019_1414_1459,0.1520186226674624
2019_1414_1463,0.5782518578698563
2019_1416_1429,0.739361618367738
2019_1416_1433,0.6398561096238604
2019_1416_1436,0.7192156465766636
2019_1416_1437,0.42308261914883016
2019_1416_1438,0.019956649292474773
2019_1416_1439,0.26102149448649414
2019_1416_1449,0.28880941185628217
2019_1416_1458,0.22251745243599372
2019_1416_1459,0.22540103418632165
2019_1416_1463,0.6899728981049635
2019_1429_1433,0.4079830197872207
2019_1429_1436,0.49838121868145446
2019_1429_1437,0.22145954407474572
2019_1429_1438,0.00783659134643822
2019_1429_1439,0.12049875980299685
2019_1429_1449,0.13608168495014966
2019_1429_1458,0.09992078107667936
2019_1429_1459,0.10142289352847643
2019_1429_1463,0.4633019019904192
2019_1433_1436,0.6133553436719131
2019_1433_1437,0.3123259721909985
2019_1433_1438,0.012454133923429037
2019_1433_1439,0.17949067946983344
2019_1433_1449,0.20095931874471773
2019_1433_1458,0.15056307715315384
2019_1433_1459,0.1526973420785468
2019_1433_1463,0.57953301925698
2019_1436_1437,0.23955839470013782
2019_1436_1438,0.008671493381098159
2019_1436_1439,0.1317427822409336
2019_1436_1449,0.14853421514024995
2019_1436_1458,0.10948365520779056
2019_1436_1459,0.11111178009660518
2019_1436_1463,0.48875741363694974
2019_1437_1438,0.02964699762406223
2019_1437_1439,0.3463933539490692
2019_1437_1449,0.3786133297477722
2019_1437_1458,0.3004154506875359
2019_1437_1459,0.3039139073499397
2019_1437_1463,0.7695421871111969
2019_1438_1439,0.9502148848726791
2019_1438_1449,0.9564144107523178
2019_1438_1458,0.9392652856166004
2019_1438_1459,0.9402048903894692
2019_1438_1463,0.9917530506826816
2019_1439_1449,0.5585048789622996
2019_1439_1458,0.4713350114911673
2019_1439_1459,0.47547110543494825
2019_1439_1463,0.8739409584419092
2019_1449_1458,0.43677071014442437
2019_1449_1459,0.44085642563884814
2019_1449_1463,0.8577552719853225
2019_1458_1459,0.5280194097548417
2019_1458_1463,0.8953555064208891
2019_1459_1463,0.8937907616159971
